{
  "version": 1,
  "wall": "left",
  "record_interval_s": 0.3,
  "num_points": 216,
  "points_xz": [
    [
      483.2850036621094,
      106.83000183105469
    ],
    [
      483.79901123046875,
      106.82599639892578
    ],
    [
      485.5849914550781,
      106.78600311279297
    ],
    [
      488.41400146484375,
      106.75900268554688
    ],
    [
      492.302001953125,
      106.74500274658203
    ],
    [
      496.53399658203125,
      106.74600219726562
    ],
    [
      502.2820129394531,
      106.74500274658203
    ],
    [
      506.677001953125,
      106.74500274658203
    ],
    [
      511.1319885253906,
      106.75900268554688
    ],
    [
      516.8289794921875,
      107.21700286865234
    ],
    [
      520.802001953125,
      108.177001953125
    ],
    [
      525.8060302734375,
      110.28900146484375
    ],
    [
      529.2620239257812,
      112.46199798583984
    ],
    [
      533.3289794921875,
      116.06999969482422
    ],
    [
      535.9019775390625,
      119.23999786376953
    ],
    [
      538.5850219726562,
      123.96299743652344
    ],
    [
      540.0040283203125,
      127.78199768066406
    ],
    [
      541.0449829101562,
      133.11599731445312
    ],
    [
      541.1710205078125,
      137.1959991455078
    ],
    [
      540.4429931640625,
      142.58999633789062
    ],
    [
      539.239990234375,
      146.49200439453125
    ],
    [
      536.8170166015625,
      151.3560028076172
    ],
    [
      533.5419921875,
      155.68899536132812
    ],
    [
      530.5910034179688,
      158.50599670410156
    ],
    [
      526.0910034179688,
      161.57200622558594
    ],
    [
      522.385009765625,
      163.27499389648438
    ],
    [
      517.1519775390625,
      164.68800354003906
    ],
    [
      513.1099853515625,
      165.13600158691406
    ],
    [
      507.3659973144531,
      165.9320068359375
    ],
    [
      503.0790100097656,
      167.6269989013672
    ],
    [
      498.010009765625,
      171.67300415039062
    ],
    [
      495.1730041503906,
      175.9720001220703
    ],
    [
      493.572998046875,
      181.12600708007812
    ],
    [
      493.95001220703125,
      188.68699645996094
    ],
    [
      497.5820007324219,
      195.8280029296875
    ],
    [
      502.36199951171875,
      199.96400451660156
    ],
    [
      510.7309875488281,
      202.64999389648438
    ],
    [
      517.2680053710938,
      203.2989959716797
    ],
    [
      525.1749877929688,
      205.9340057373047
    ],
    [
      531.7239990234375,
      210.4770050048828
    ],
    [
      535.5560302734375,
      214.75599670410156
    ],
    [
      538.385986328125,
      219.51199340820312
    ],
    [
      540.6079711914062,
      226.1959991455078
    ],
    [
      541.1859741210938,
      232.8459930419922
    ],
    [
      540.6480102539062,
      237.59300231933594
    ],
    [
      539.4199829101562,
      242.0050048828125
    ],
    [
      536.9019775390625,
      247.24200439453125
    ],
    [
      533.583984375,
      251.6439971923828
    ],
    [
      529.5750122070312,
      255.31199645996094
    ],
    [
      526.1510009765625,
      257.53399658203125
    ],
    [
      521.1619873046875,
      259.6910095214844
    ],
    [
      517.2249755859375,
      260.66900634765625
    ],
    [
      511.8070068359375,
      261.24798583984375
    ],
    [
      507.5010070800781,
      261.89898681640625
    ],
    [
      501.8760070800781,
      264.343994140625
    ],
    [
      498.15301513671875,
      267.5069885253906
    ],
    [
      494.5790100097656,
      273.3699951171875
    ],
    [
      493.36700439453125,
      280.5570068359375
    ],
    [
      494.4289855957031,
      286.22698974609375
    ],
    [
      498.68499755859375,
      293.0530090332031
    ],
    [
      505.8290100097656,
      297.59100341796875
    ],
    [
      512.385986328125,
      298.7950134277344
    ],
    [
      518.7579956054688,
      299.5899963378906
    ],
    [
      524.5960083007812,
      301.65301513671875
    ],
    [
      531.2169799804688,
      306.02301025390625
    ],
    [
      536.2130126953125,
      311.69000244140625
    ],
    [
      538.8159790039062,
      316.4540100097656
    ],
    [
      540.77001953125,
      323.072998046875
    ],
    [
      541.1929931640625,
      328.0
    ],
    [
      540.8109741210938,
      332.74200439453125
    ],
    [
      539.2109985351562,
      338.57598876953125
    ],
    [
      537.35400390625,
      342.47198486328125
    ],
    [
      535.0540161132812,
      345.9079895019531
    ],
    [
      531.3319702148438,
      349.87200927734375
    ],
    [
      526.9349975585938,
      353.07501220703125
    ],
    [
      523.2969970703125,
      354.9119873046875
    ],
    [
      518.1220092773438,
      356.4960021972656
    ],
    [
      512.7459716796875,
      357.15899658203125
    ],
    [
      508.4750061035156,
      357.677001953125
    ],
    [
      504.1940002441406,
      359.0660095214844
    ],
    [
      500.1839904785156,
      361.5679931640625
    ],
    [
      496.8030090332031,
      365.1940002441406
    ],
    [
      494.4100036621094,
      369.8009948730469
    ],
    [
      493.3800048828125,
      377.0299987792969
    ],
    [
      495.406005859375,
      384.5010070800781
    ],
    [
      499.0530090332031,
      389.4129943847656
    ],
    [
      506.3680114746094,
      393.77899169921875
    ],
    [
      515.1409912109375,
      395.01800537109375
    ],
    [
      521.3380126953125,
      396.3340148925781
    ],
    [
      526.927978515625,
      398.8999938964844
    ],
    [
      533.0759887695312,
      403.7969970703125
    ],
    [
      536.5700073242188,
      408.2430114746094
    ],
    [
      539.6859741210938,
      414.7340087890625
    ],
    [
      541.073974609375,
      421.4280090332031
    ],
    [
      541.0999755859375,
      426.32501220703125
    ],
    [
      539.9539794921875,
      432.4230041503906
    ],
    [
      537.697998046875,
      437.83099365234375
    ],
    [
      534.635009765625,
      442.43499755859375
    ],
    [
      530.8209838867188,
      446.322998046875
    ],
    [
      527.52001953125,
      448.7250061035156
    ],
    [
      522.6669921875,
      451.1579895019531
    ],
    [
      518.7890014648438,
      452.3429870605469
    ],
    [
      514.7899780273438,
      453.00799560546875
    ],
    [
      509.1969909667969,
      453.5639953613281
    ],
    [
      504.885009765625,
      454.760009765625
    ],
    [
      499.5469970703125,
      458.12200927734375
    ],
    [
      495.4280090332031,
      463.45098876953125
    ],
    [
      493.68701171875,
      468.5010070800781
    ],
    [
      493.4750061035156,
      474.08599853515625
    ],
    [
      495.0270080566406,
      479.71600341796875
    ],
    [
      499.9280090332031,
      486.2099914550781
    ],
    [
      507.5589904785156,
      490.1189880371094
    ],
    [
      514.1829833984375,
      490.92498779296875
    ],
    [
      522.385986328125,
      492.70098876953125
    ],
    [
      527.8090209960938,
      495.4519958496094
    ],
    [
      533.7119750976562,
      500.4840087890625
    ],
    [
      537.030029296875,
      504.97601318359375
    ],
    [
      539.3619995117188,
      509.82000732421875
    ],
    [
      540.9739990234375,
      516.4539794921875
    ],
    [
      541.041015625,
      522.9240112304688
    ],
    [
      540.218017578125,
      527.4760131835938
    ],
    [
      538.1539916992188,
      532.9639892578125
    ],
    [
      535.22998046875,
      537.6749877929688
    ],
    [
      531.5469970703125,
      541.6699829101562
    ],
    [
      527.197998046875,
      544.9219970703125
    ],
    [
      523.5750122070312,
      546.7999877929688
    ],
    [
      518.4119873046875,
      548.4340209960938
    ],
    [
