{
  "version": 1,
  "wall": "right",
  "record_interval_s": 0.3,
  "num_points": 168,
  "points_xz": [
    [
      483.281005859375,
      117.27100372314453
    ],
    [
      483.281005859375,
      117.27100372314453
    ],
    [
      483.281005859375,
      117.27100372314453
    ],
    [
      483.281005859375,
      117.27100372314453
    ],
    [
      483.281005859375,
      117.27100372314453
    ],
    [
      483.33099365234375,
      117.27799987792969
    ],
    [
      484.7349853515625,
      117.28600311279297
    ],
    [
      487.0539855957031,
      117.26599884033203
    ],
    [
      491.8580017089844,
      117.2509994506836
    ],
    [
      497.48199462890625,
      117.25499725341797
    ],
    [
      503.2279968261719,
      117.25599670410156
    ],
    [
      507.6210021972656,
      117.25499725341797
    ],
    [
      512.0999755859375,
      117.29900360107422
    ],
    [
      518.3690185546875,
      118.43599700927734
    ],
    [
      522.9299926757812,
      120.8489990234375
    ],
    [
      526.85498046875,
      124.66400146484375
    ],
    [
      530.1829833984375,
      131.68800354003906
    ],
    [
      530.2420043945312,
      140.00900268554688
    ],
    [
      527.6959838867188,
      146.1230010986328
    ],
    [
      520.906005859375,
      152.41400146484375
    ],
    [
      513.9039916992188,
      154.5489959716797
    ],
    [
      506.7019958496094,
      155.34500122070312
    ],
    [
      497.9750061035156,
      158.4199981689453
    ],
    [
      492.4429931640625,
      162.36199951171875
    ],
    [
      486.8919982910156,
      169.1699981689453
    ],
    [
      484.2489929199219,
      175.02000427246094
    ],
    [
      482.8529968261719,
      183.21400451660156
    ],
    [
      483.3139953613281,
      189.2480010986328
    ],
    [
      484.9530029296875,
      194.9010009765625
    ],
    [
      488.6830139160156,
      201.5
    ],
    [
      493.75799560546875,
      206.73800659179688
    ],
    [
      499.7149963378906,
      210.43699645996094
    ],
    [
      504.4739990234375,
      212.19200134277344
    ],
    [
      510.8500061035156,
      213.1820068359375
    ],
    [
      515.7969970703125,
      213.7239990234375
    ],
    [
      520.780029296875,
      215.50900268554688
    ],
    [
      525.2750244140625,
      218.86199951171875
    ],
    [
      529.531005859375,
      225.56399536132812
    ],
    [
      530.677978515625,
      231.79100036621094
    ],
    [
      528.6640014648438,
      240.44500732421875
    ],
    [
      522.4169921875,
      247.4980010986328
    ],
    [
      513.0,
      250.64599609375
    ],
    [
      505.6960144042969,
      251.53900146484375
    ],
    [
      496.864013671875,
      255.05499267578125
    ],
    [
      489.8070068359375,
      261.0669860839844
    ],
    [
      486.031005859375,
      266.7099914550781
    ],
    [
      483.6990051269531,
      272.9259948730469
    ],
    [
      482.8760070800781,
      281.4930114746094
    ],
    [
      483.8689880371094,
      287.6889953613281
    ],
    [
      487.0740051269531,
      295.12799072265625
    ],
    [
      491.989990234375,
      301.2120056152344
    ],
    [
      496.48699951171875,
      304.69000244140625
    ],
    [
      503.1210021972656,
      307.79400634765625
    ],
    [
      508.2590026855469,
      308.9590148925781
    ],
    [
      515.2340087890625,
      309.62799072265625
    ],
    [
      520.5250244140625,
      311.37701416015625
    ],
    [
      526.6380004882812,
      316.39801025390625
    ],
    [
      530.2490234375,
      324.0350036621094
    ],
    [
      530.4559936523438,
      330.7489929199219
    ],
    [
      526.8289794921875,
      339.3559875488281
    ],
    [
      518.9910278320312,
      345.3160095214844
    ],
    [
      511.3710021972656,
      346.7969970703125
    ],
    [
      501.6499938964844,
      348.71099853515625
    ],
    [
      495.2239990234375,
      352.1260070800781
    ],
    [
      489.9360046386719,
      356.9129943847656
    ],
    [
      485.0679931640625,
      364.7950134277344
    ],
    [
      483.2099914550781,
      371.31201171875
    ],
    [
      483.1159973144531,
      380.0780029296875
    ],
    [
      484.71099853515625,
      386.27398681640625
    ],
    [
      488.6940002441406,
      393.5249938964844
    ],
    [
      492.78900146484375,
      397.93798828125
    ],
    [
      497.56500244140625,
      401.33599853515625
    ],
    [
      504.5530090332031,
      404.22198486328125
    ],
    [
      509.91900634765625,
      405.12701416015625
    ],
    [
      515.427978515625,
      405.6619873046875
    ],
    [
      522.656005859375,
      408.6579895019531
    ],
    [
      528.291015625,
      414.8550109863281
    ],
    [
      530.6710205078125,
      423.4339904785156
    ],
    [
      529.5349731445312,
      430.4049987792969
    ],
    [
      523.8690185546875,
      438.4100036621094
    ],
    [
      514.4099731445312,
      442.4939880371094
    ],
    [
      506.6600036621094,
      443.3429870605469
    ],
    [
      497.2980041503906,
      446.7969970703125
    ],
    [
      489.83099365234375,
      453.0400085449219
    ],
    [
      485.89300537109375,
      458.99200439453125
    ],
    [
      483.5459899902344,
      465.5710144042969
    ],
    [
      482.8330078125,
      472.3689880371094
    ],
    [
      484.2909851074219,
      481.1050109863281
    ],
    [
      486.97900390625,
      486.9909973144531
    ],
    [
      492.2569885253906,
      493.4700012207031
    ],
    [
      497.1440124511719,
      497.0870056152344
    ],
    [
      504.3680114746094,
      500.1709899902344
    ],
    [
      509.95001220703125,
      501.12799072265625
    ],
    [
      515.6740112304688,
      501.6990051269531
    ],
    [
      523.0700073242188,
      504.95001220703125
    ],
    [
      527.5239868164062,
      509.6080017089844
    ],
    [
      530.197998046875,
      515.7990112304688
    ],
    [
      529.9310302734375,
      525.2139892578125
    ],
    [
      526.4660034179688,
      531.7999877929688
    ],
    [
      518.0120239257812,
      537.6690063476562
    ],
    [
      510.0690002441406,
      538.9210205078125
    ],
    [
      500.135009765625,
      541.3350219726562
    ],
    [
      491.8280029296875,
      546.9190063476562
    ],
    [
      486.0159912109375,
      554.7379760742188
    ],
    [
      483.5769958496094,
      561.4550170898438
    ],
    [
      482.9540100097656,
      570.7080078125
    ],
    [
      485.1650085449219,
      579.426025390625
    ],
    [
      489.7380065917969,
      586.8400268554688
    ],
    [
      494.3500061035156,
      591.2210083007812
    ],
    [
      501.52398681640625,
      595.2219848632812
    ],
    [
      509.2019958496094,
      597.0670166015625
    ],
    [
      515.0969848632812,
      597.5960083007812
    ],
    [
      522.7570190429688,
      600.7219848632812
    ],
    [
      528.551025390625,
      607.3590087890625
    ],
    [
      530.56201171875,
      614.041015625
    ],
    [
      529.9099731445312,
      621.2849731445312
    ],
    [
      524.5390014648438,
      629.8289794921875
    ],
    [
      517.6669921875,
      633.781005859375
    ],
    [
      509.6109924316406,
      634.9630126953125
    ],
    [
      499.62799072265625,
      637.5659790039062
    ],
    [
      493.2080078125,
      641.6729736328125
    ],
    [
      486.8110046386719,
      649.281982421875
    ],
    [
      483.94000244140625,
      656.0
    ],
    [
      482.86199951171875,
      665.4229736328125
    ],
    [
      484.76300048828125,
      674.43701171875
    ],
    [
      487.885986328125,
      680.4149780273438
    ],
    [
      493.8290100097656,
      686.8140258789062
    ],
    [
      499.22100830078125,
      690.218994140625
